IBRX,,,,,,
SRPT,,,,,,
AI,,,,,,
MNDY,,,,,,
DNLI,,,,,,
MMP,,,,,,
WAL,,,,,,
WDC,,,,,,
CVNA,,,,,,
FLNC,,,,,,
COLB,,,,,,
LAZR,,,,,,
BBIO,,,,,,
VLYPO,,,,,,
LKNCY,,,,,,
TME,,,,,,
DALXF,,,,,,
SMAR,,,,,,
CEQP,,,,,,
ZION,,,,,,
ATAT,,,,,,
ASAN,,,,,,
BEAM,,,,,,
LU,,,,,,
SHAK,,,,,,
HEI,,,,,,
TEAM,,,,,,
TCTZF,,,,,,
BILI,,,,,,
TCEHY,,,,,,
DNA,,,,,,
MPNGY,,,,,,
CMA,,,,,,
PTON,,,,,,
HEI-A,,,,,,
WB,,,,,,
GTLB,,,,,,
LITE,,,,,,
IOT,,,,,,
ARRY,,,,,,
JD,,,,,,
KEY,,,,,,
DISH,,,,,,
CVAC,,,,,,
GOL,,,,,,
BIDU,,,,,,
CHKIF,,,,,,
BZ,,,,,,
MU,,,,,,
TTNDY,,,,,,
STX,,,,,,
SDGR,,,,,,
AFRM,,,,,,
COIN,,,,,,
CILJF,,,,,,
NPSNY,,,,,,
ONTO,,,,,,
ATHM,,,,,,
DLO,,,,,,
HCM,,,,,,
GH,,,,,,
OLPX,,,,,,
PNGAY,,,,,,
OPMXF,,,,,,
ZS,,,,,,
RNW,,,,,,
ZI,,,,,,
W,,,,,,
NTLA,,,,,,
FIVN,,,,,,
NTES,,,,,,
LUMN,,,,,,
IQ,,,,,,
FLYW,,,,,,
MUFG,,,,,,
CRHKY,,,,,,
BMBL,,,,,,
BHC,,,,,,
JOBY,,,,,,
ALSMY,,,,,,
RKLB,,,,,,
CBRL,,,,,,
CFLT,,,,,,
WD,,,,,,
PARA,,,,,,
PROSY,,,,,,
PAA,,,,,,
FUTU,,,,,,
ARLP,,,,,,
MODG,,,,,,
APP,,,,,,
ACVA,,,,,,
NPSKY,,,,,,
MQ,,,,,,
MTCH,,,,,,
TGOPF,,,,,,
GDS,,,,,,
UWMC,,,,,,
EQT,,,,,,
YMM,,,,,,
